<points>


<point>
<title>Bornholmer Strasse</title>
<title language="DE">Bornholmer Straße</title>
<subtitle>Prenzlauer Berg / Gesundbrunnen</subtitle>

<content>The border crossing in Bornholmer Strasse / Bösebrücke was in the French occupation sector between Prenzlauer Berg and Gesundbrunnen. It was opened for people from West Berlin, from West Germany as well as from the GDR. This border crossing was the first that was opened in the night of the 9th of November. It's opening at 11:30pm paved the way for the German reunification.</content>
<content language="DE">Der Grenzübergang an der Bornholmer Straße / Bösebrücke lag im französischen Sektor zwischen Prenzlauer Berg und Gesundbrunnen (heute Wedding). Er war sowohl für West-Berliner, West-Bürger als auch für DDR-Bürger geöffnet. Dieser Grenzübergang war der Erste der in Nacht des 09.November 1989 um 23:30 geöffnet wurde und an dem damit der Mauerfall und die Deutsche Wiedervereinigung eingeleitet wurde.</content>

<image>bornholmer.jpg</image>
<imagecr>Robert Roeske (German Federal Archive)</imagecr>
<imagecrtype>Creative Commons</imagecrtype>
<imagecrurl>http://de.wikipedia.org/wiki/Datei:Bundesarchiv_Bild_183-1989-1118-018,_Berlin,_Grenz%C3%BCbergang_Bornholmer_Stra%C3%9Fe.jpg</imagecrurl>

<longitude>13.397398</longitude>
<latitude>52.554802</latitude>
<type>3</type>
</point>




<point>
<title>Checkpoint Charlie</title>
<subtitle>Centre/Friedrichsstrasse</subtitle>
<subtitle language="DE">Mitte / Friedrichsstraße</subtitle>

<content>Checkpoint Charlie connected the American sector with the Soviet Sector. Only military authorities, GRD citizens and people from foreign countries where allowed to pass this border. Checkpoint Charlie got well-known because of the direct face-off of Soviet and American tanks at this border on 27th of October  1961 (See photo). Today, Checkpoint Charlie is one of the main sights in Berlin.</content>

<content language="DE">Checkpoint Charlie verband den US-amerikanischen Sektor mit dem sowjetischen Sektor. Passieren durften diese Grenze nur Millitärangehörige, DDR-Bürger und Ausländer. Bekannt wurde Checkpoint Charlie unter anderem auch durch die direkte Konfrontation von sowjetischen und amerikanischen Panzer am 27. Oktober 1961 (Siehe Foto). Heute zählt Checkpoint Charlie zu den größten Sehenwürdigkeiten von Berlin.</content>

<image>checkpointcharlie.jpg</image>
<imagecr>NationalArchives</imagecr>
<imagecrtype>CreativeCommons</imagecrtype>
<imagecrurl>http://de.wikipedia.org/w/index.php?title=Datei:Checkpoint_Charlie_1961-10-27.jpg</imagecrurl>

<longitude>13.390296</longitude>
<latitude>52.507679</latitude>
<type>3</type>
</point>




<point>
<title>Invalidenstraße</title>
<subtitle>Tiergarten/Centre</subtitle>
<subtitle language="DE">Tiergarten/Mitte</subtitle>

<content>The Invalidenstraße was divided into two parts through the Wall. The border crossing was not far away from todays Berlin central station. It was opened for West-Berlin citizens and GRD citizens. Here the drama about Guenter Litfin took place, which is today represented by a memorial. During a attempt to escape he was shot by two policemen in 1961. The pricture below shows the border crossing on 10th of November when the gates had been opened.</content>

<content language="DE">Die Invalidenstraße wurde durch die Mauer in zwei Teile geteilt. Der Grenzübergang befand sich in der Nähe des heutigen Hauptbahnhofs. Er war für West-Berliner und DDR-Bürger benutzbar. Hier ereignete sich das Drama um Günter Litfin, der bei einem Fluchversuch 1961 von Polizisten erschossen wurde. Ihm wurde ein Gedenkstein gewidment. Das Foto zeigt den Grenzübergang am 10. November 1989 als der Übergang geöffnet wurde.</content>

<image>invalidenstrasse.jpg</image>
<imagecr>Ralph Hirschberger, German Federal Archive</imagecr>
<imagecrtype>Creative Commons</imagecrtype>
<imagecrurl>http://de.wikipedia.org/w/index.php?title=Datei:Bundesarchiv_Bild_183-1989-1110-041,_Berlin,_Grenzübergang_Invalidenstraße.jpg</imagecrurl>

<longitude>13.374095</longitude>
<latitude>52.528023</latitude>
<type>3</type>
</point>



<point>
<title>Chausseestraße</title>
<title language="DE">Chausseestraße</title>
<subtitle>Wedding/Centre</subtitle>
<subtitle language="DE">Wedding/Mitte</subtitle>

<content>The border crossing was located in the Chausseestraße at corner Liesenstraße. It could be passed by West-Berlin citizens, which wanted to travel to East-Berlin. Overall this crossing didn't cause much attention. The only incident happened on 3th of April 1989, when two men jumped over the blockade and tryed to escape to West-Berlin. The had been stopped by some warning shots.</content>

<content language="DE">Der Grenzübergang befand sich in der Chausseestraße Ecke Liesenstraße. Passiert werden konnte er von West-Berlinern, die nach Ost-Berlin wollten. Er hat insgesamt nur wenig Aufmerksamkeit auf sich gezogen. Der einzige Vorfall fand am 3.April 1989 statt als zwei Männer die Absperrung übersprangen, dann aber durch Warnschüsse gestoppt wurden.</content>

<image>chausseestrasse.jpg</image>
<imagecrtype>Creative Commons</imagecrtype>
<imagecr>Eva Brüggmann, German Federal Archive</imagecr>
<imagecrurl>http://commons.wikimedia.org/wiki/File:Bundesarchiv_Bild_183-C0105-0002-001,_Berlin,_Grenz%C3%BCbergang_Chausseestra%C3%9Fe,_West-Berliner_Besucher.jpg?uselang=de</imagecrurl>

<longitude>13.374825</longitude>
<latitude>52.537315</latitude>
<type>3</type>
</point>




<point>
<title>Station Friedrichstrasse</title>
<title language="DE">Bahnhof Friedrichstraße</title>
<subtitle>Centre</subtitle>
<subtitle language="DE">Mitte</subtitle>

<content>The overground train station Friedrichstrasse was entirely in East-Berlin and was the last station before the border to West-Berlin. After the construction of the Wall this station had been reconstructed so that it was the final destination coming from both directions (East and West). Travelers from and to West-Berlin had been checked here. After a while the main hall got to crowed, so a additional hall was built, which was called the "Palace of the Tears".</content>

<content language="DE">Der S-Bahnhof Friedrichstraße lag ganz in Ost-Berlin und war der letzte Bahnhof vor der Grenze nach West-Berlin. Der Bahnhof wurde mit dem Mauerbau so umgebaut, dass er aus beiden Richtungen eine Endstation war. Reisende nach und von West-Berlin wurden hier abgefertigt. Da die Verhältnisse nach einer Weile zu beengt wurden, wurde hinter dem Bahnhof eine zusätzliche Abfertigungshalle gebaut: "Der Palast der Tränen". </content>

<image>friedrichstrasse.jpg</image>
<imagecr>Klaus Franke, German Federal Archive</imagecr>
<imagecrurl>http://commons.wikimedia.org/wiki/File:Bundesarchiv_Bild_183-1990-0403-310,_Berlin,_Bahnhof_Friedrichstra%C3%9Fe.jpg?uselang=de</imagecrurl>
<imagecrtype>CreativeCommons</imagecrtype>

<longitude>13.386841</longitude>
<latitude>52.520660</latitude>
<type>3</type>
</point>




<point>
<title>Heinrich-Heine-Strasse</title>
<title language="DE">Heinrich-Heine-Straße</title>
<subtitle>Centre/Kreuzberg</subtitle>
<subtitle language="DE">Mitte/Kreuzberg</subtitle>

<content>The border crossing in the Heinrich-Heine-Strasse was used by the goods and post transport between East-Berlin and West-Berlin. Here it was also allowed for West-Berlin citizens to enter East-Berlin. Due to the large area arround this border some attempt to escape took place here. Some of these people got killed here. The interesting picture below shows the border control including a drug sniffer dog.</content>

<content language="DE">Über den Grenzübergang in der Heinrich-Heine-Straße lief der Waren- und Postverkehr zwischen West- und Ost-Berlin. Hier durften West-Berliner nach Ost-Berlin einreisen. Aufgrund der großen Fläche dieses Grenzübergangs gab es mehrere Versuche nach West-Berlin zu gelangen, wobei mehrere Personen erschossen wurden. Interessant ist auch das gezeigte Bild, welches eine Grenzkontrolle mit Drogenspürhund zeigt.</content>

<image>heinrichheinestrasse.jpg</image>
<imagecr>Thomas Uhlemann, German Federal Archive</imagecr>
<imagecrurl>http://commons.wikimedia.org/wiki/File:Bundesarchiv_Bild_183-1989-1128-012,_Berlin,_Rauschgiftsp%C3%BCrhund_im_Einsatz.jpg</imagecrurl>
<imagecrtype>CreativeCommons</imagecrtype>

<longitude>13.411775</longitude>
<latitude>52.504833</latitude>
<type>3</type>
</point>





<point>
<title>Sonnenallee</title>
<subtitle>Neukoelln/Treptow</subtitle>
<subtitle language="DE">Neukölln/Treptow</subtitle>

<content>Compared to other border crossing the border in the Sonnenallee was quite inconsiderable. Only West-Berlin and GRD citizens had been able to pass this border. The Sonnenallee got famous outside of Berlin through the correspondent movie from the year 1999. This movie shows the life of some teenagers in East-Berlin in the year 1970, which lived in the Sonnenallee.</content>

<content language="DE">Verglichen mit den anderen Grenzübergängen war der Grenzübergang in der Sonnenallee unbedeutend. Er konnte nur von West-Berlinern und von DDR-Bürgern passiert werden. Bekannt wurde die Sonnenalle außerhalb von Berlin erst durch den gleichnamigen Film aus dem Jahre 1999, der das Leben von Jugendlichen in Ost-Berlin im Jahre 1970 beschreibt.</content>

<image>sonnenallee.jpg</image>
<imagecrtype>CreativeCommons</imagecrtype>
<imagecr>Stöhr, German Federal Archive</imagecr>
<imagecrurl>http://commons.wikimedia.org/wiki/File:Bundesarchiv_Bild_183-C0105-0003-001,_Berlin,_Grenz%C3%BCbergang_Sonnenallee,_West-Berliner_Besucher.jpg</imagecrurl>

<longitude>13.476834</longitude>
<latitude>52.462208</latitude>
<type>3</type>
<test></test></point>





<point>
<title>Oberbaum Bridge</title>
<title language="DE">Oberbaumbrücke</title>
<subtitle>Friedrichshain/Kreuzberg</subtitle>

<content>The Oberbaum bridge connects the 
 verbindet die beiden Berliner districts Friedrichshain and Kreuzberg. After the construction of the Wall in 1961 the bridge was closed for public. The bridge was opened again in 1972 and could be used only by pedestrians. The bridge could be passed by West and GRD citizens. Close to the bridge you can find the famous East-Side-Gallery.</content>

<content language="DE">Die Oberbaumbrücke verbindet die beiden Berliner Stadtteile Friedrichshain und Kreuzberg. Nach dem Mauerbau 1961 durfte die Oberbaumbrücke zunächst nicht mehr passiert werden. Erst 1972 wurde sie wieder für Fußgänger freigeben. Sie konnte von West-Berlinern und DDR-Bürgern zu Fuß passiert werden. In der Nähe der Brücke befindet sich die heutige East-Side-Gallery. </content>

<image>oberbaumbrucke.jpg</image>
<imagecr>Times</imagecr>
<imagecrtype>GNU License</imagecrtype>
<imagecrurl>http://commons.wikimedia.org/wiki/File:Oberbaumbruecke_Berlin.JPG?uselang=de</imagecrurl>


<longitude>13.446321</longitude>
<latitude>52.502274</latitude>
<type>3</type>
</point>


</points>
