<points>

<point><longitude>13.476687</longitude><latitude>52.459084</latitude><type>1</type></point>
<point><longitude>13.474957</longitude><latitude>52.459137</latitude></point>
<point><longitude>13.474997</longitude><latitude>52.459461</latitude></point>
<point><longitude>13.475153</longitude><latitude>52.459991</latitude></point>
<point><longitude>13.475354</longitude><latitude>52.460388</latitude></point>
<point><longitude>13.475928</longitude><latitude>52.460995</latitude></point>
<point><longitude>13.476510</longitude><latitude>52.461399</latitude></point>
<point><longitude>13.477183</longitude><latitude>52.461945</latitude></point>
<point><longitude>13.476837</longitude><latitude>52.462147</latitude></point>
<point><longitude>13.477145</longitude><latitude>52.462357</latitude></point>
<point><longitude>13.477486</longitude><latitude>52.462196</latitude></point>
<point><longitude>13.477972</longitude><latitude>52.462994</latitude></point>
<point><longitude>13.478578</longitude><latitude>52.463840</latitude></point>
<point><longitude>13.478653</longitude><latitude>52.464191</latitude></point>
<point><longitude>13.478583</longitude><latitude>52.464993</latitude></point>
<point><longitude>13.478025</longitude><latitude>52.465637</latitude></point>
<point><longitude>13.476840</longitude><latitude>52.466743</latitude></point>
<point><longitude>13.475257</longitude><latitude>52.468056</latitude></point>
<point><longitude>13.474801</longitude><latitude>52.468483</latitude></point>
<point><longitude>13.474361</longitude><latitude>52.468922</latitude></point>
<point><longitude>13.473541</longitude><latitude>52.469784</latitude></point>
<point><longitude>13.470284</longitude><latitude>52.472988</latitude></point>
<point><longitude>13.469839</longitude><latitude>52.473480</latitude></point>
<point><longitude>13.470043</longitude><latitude>52.474274</latitude></point>
<point><longitude>13.470180</longitude><latitude>52.475037</latitude></point>
<point><longitude>13.470612</longitude><latitude>52.476273</latitude></point>
<point><longitude>13.470767</longitude><latitude>52.477009</latitude></point>
<point><longitude>13.470282</longitude><latitude>52.477356</latitude></point>
<point><longitude>13.469198</longitude><latitude>52.478088</latitude></point>
<point><longitude>13.468350</longitude><latitude>52.478706</latitude></point>
<point><longitude>13.467165</longitude><latitude>52.479546</latitude></point>
<point><longitude>13.466323</longitude><latitude>52.480141</latitude></point>
<point><longitude>13.465435</longitude><latitude>52.480755</latitude></point>
<point><longitude>13.464716</longitude><latitude>52.481270</latitude></point>
<point><longitude>13.464131</longitude><latitude>52.481667</latitude></point>
<point><longitude>13.463354</longitude><latitude>52.481972</latitude></point>
<point><longitude>13.461846</longitude><latitude>52.483063</latitude></point>
<point><longitude>13.461240</longitude><latitude>52.483471</latitude></point>
<point><longitude>13.461176</longitude><latitude>52.483711</latitude></point>
<point><longitude>13.460567</longitude><latitude>52.484150</latitude></point>
<point><longitude>13.460111</longitude><latitude>52.484470</latitude></point>
<point><longitude>13.459572</longitude><latitude>52.484848</latitude></point>
<point><longitude>13.459169</longitude><latitude>52.484875</latitude></point>
<point><longitude>13.458638</longitude><latitude>52.485245</latitude></point>
<point><longitude>13.458673</longitude><latitude>52.485432</latitude></point>
<point><longitude>13.458590</longitude><latitude>52.485500</latitude></point>
<point><longitude>13.458182</longitude><latitude>52.485798</latitude></point>
<point><longitude>13.457648</longitude><latitude>52.485409</latitude></point>
<point><longitude>13.456787</longitude><latitude>52.484776</latitude></point>
<point><longitude>13.456264</longitude><latitude>52.484367</latitude></point>
<point><longitude>13.455760</longitude><latitude>52.484241</latitude></point>
<point><longitude>13.455760</longitude><latitude>52.484241</latitude></point>
<point><longitude>13.446920</longitude><latitude>52.488838</latitude></point>
<point><longitude>13.444860</longitude><latitude>52.487640</latitude></point>
<point><longitude>13.439970</longitude><latitude>52.489960</latitude></point>
<point><longitude>13.442200</longitude><latitude>52.492161</latitude></point>
<point><longitude>13.445500</longitude><latitude>52.494560</latitude></point>
<point><longitude>13.447300</longitude><latitude>52.494740</latitude></point>
<point><longitude>13.448550</longitude><latitude>52.495350</latitude></point>
<point><longitude>13.451680</longitude><latitude>52.497299</latitude></point>
<point><longitude>13.453870</longitude><latitude>52.500050</latitude></point>
<point><longitude>13.450950</longitude><latitude>52.500961</latitude></point>
<point><longitude>13.446190</longitude><latitude>52.502289</latitude></point>
<point><longitude>13.439110</longitude><latitude>52.504990</latitude></point>
<point><longitude>13.433490</longitude><latitude>52.507912</latitude></point>
<point><longitude>13.429710</longitude><latitude>52.509529</latitude></point>
<point><longitude>13.428550</longitude><latitude>52.507648</latitude></point>
<point><longitude>13.426920</longitude><latitude>52.505901</latitude></point>
<point><longitude>13.424640</longitude><latitude>52.505249</latitude></point>
<point><longitude>13.421900</longitude><latitude>52.505089</latitude></point>
<point><longitude>13.419670</longitude><latitude>52.505531</latitude></point>
<point><longitude>13.418850</longitude><latitude>52.504929</latitude></point>
<point><longitude>13.418250</longitude><latitude>52.504848</latitude></point>
<point><longitude>13.417820</longitude><latitude>52.504200</latitude></point>
<point><longitude>13.414690</longitude><latitude>52.505039</latitude></point>
<point><longitude>13.413740</longitude><latitude>52.504021</latitude></point>
<point><longitude>13.411639</longitude><latitude>52.504879</latitude></point>
<point><longitude>13.411040</longitude><latitude>52.505119</latitude></point>
<point><longitude>13.410400</longitude><latitude>52.505852</latitude></point>
<point><longitude>13.409320</longitude><latitude>52.505589</latitude></point>
<point><longitude>13.405290</longitude><latitude>52.508720</latitude></point>
<point><longitude>13.403830</longitude><latitude>52.507858</latitude></point>
<point><longitude>13.400230</longitude><latitude>52.509190</latitude></point>
<point><longitude>13.399200</longitude><latitude>52.507938</latitude></point>
<point><longitude>13.378550</longitude><latitude>52.506920</latitude></point>
<point><longitude>13.377780</longitude><latitude>52.507599</latitude></point>
<point><longitude>13.376280</longitude><latitude>52.507992</latitude></point>
<point><longitude>13.376410</longitude><latitude>52.509499</latitude></point>
<point><longitude>13.376450</longitude><latitude>52.511990</latitude></point>
<point><longitude>13.376840</longitude><latitude>52.515770</latitude></point>
<point><longitude>13.376750</longitude><latitude>52.517441</latitude></point>
<point><longitude>13.377220</longitude><latitude>52.519508</latitude></point>
<point><longitude>13.380060</longitude><latitude>52.518879</latitude></point>
<point><longitude>13.379800</longitude><latitude>52.519562</latitude></point>
<point><longitude>13.378340</longitude><latitude>52.519791</latitude></point>
<point><longitude>13.377090</longitude><latitude>52.520191</latitude></point>
<point><longitude>13.376240</longitude><latitude>52.522041</latitude></point>
<point><longitude>13.373880</longitude><latitude>52.523159</latitude></point>
<point><longitude>13.374050</longitude><latitude>52.526192</latitude></point>
<point><longitude>13.374730</longitude><latitude>52.526840</latitude></point>
<point><longitude>13.374090</longitude><latitude>52.527939</latitude></point>
<point><longitude>13.368810</longitude><latitude>52.533451</latitude></point>
<point><longitude>13.367270</longitude><latitude>52.534908</latitude></point>
<point><longitude>13.373190</longitude><latitude>52.537701</latitude></point>
<point><longitude>13.374260</longitude><latitude>52.537010</latitude></point>
<point><longitude>13.379520</longitude><latitude>52.540089</latitude></point>
<point><longitude>13.383700</longitude><latitude>52.536091</latitude></point>
<point><longitude>13.387570</longitude><latitude>52.533112</latitude></point>
<point><longitude>13.390180</longitude><latitude>52.535172</latitude></point>
<point><longitude>13.393400</longitude><latitude>52.537231</latitude></point>
<point><longitude>13.396190</longitude><latitude>52.538101</latitude></point>
<point><longitude>13.404560</longitude><latitude>52.540390</latitude></point>
<point><longitude>13.401210</longitude><latitude>52.546600</latitude></point>
<point><longitude>13.399280</longitude><latitude>52.551090</latitude></point>
<point><longitude>13.397390</longitude><latitude>52.554691</latitude></point>
<point><longitude>13.396840</longitude><latitude>52.558418</latitude></point>
<point><longitude>13.396020</longitude><latitude>52.561501</latitude></point>
<point><longitude>13.393270</longitude><latitude>52.564430</latitude></point>
<point><longitude>13.391990</longitude><latitude>52.565208</latitude></point>
<point><longitude>13.388900</longitude><latitude>52.566879</latitude></point>
<point><longitude>13.389580</longitude><latitude>52.568031</latitude></point>
<point><longitude>13.387570</longitude><latitude>52.569092</latitude></point>
<point><longitude>13.387910</longitude><latitude>52.569431</latitude></point>
<point><longitude>13.383060</longitude><latitude>52.572170</latitude></point>
<point><longitude>13.381820</longitude><latitude>52.571339</latitude></point>
<point><longitude>13.378940</longitude><latitude>52.572899</latitude><type>2</type></point>

</points>