<points>


<point>
<title>Oliv - aus Liebe</title>
<subtitle>Cafe</subtitle>
<longitude>13.408567</longitude>
<latitude>52.524380</latitude>

<content language="DE">Das Cafe Oliv befindet sich in der Nähe.</content>

<image>oliv.png</image>
<!--<imagecr>Robert Roeske (German Federal Archive)</imagecr>
<imagecrtype>Creative Commons</imagecrtype>
<imagecrurl>http://de.wikipedia.org/wiki/Datei:Bundesarchiv_Bild_183-1989-1118-018,_Berlin,_Grenz%C3%BCbergang_Bornholmer_Stra%C3%9Fe.jpg</imagecrurl>-->

<longitude>13.397398</longitude>
<latitude>52.554802</latitude>


<type>3</type>
</point>

</points>